[
	{
		"anonymous": false,
		"inputs": [
			{
				"indexed": true,
				"internalType": "address",
				"name": "token",
				"type": "address"
			},
			{
				"indexed": false,
				"internalType": "address",
				"name": "pair",
				"type": "address"
			},
			{
				"indexed": false,
				"internalType": "uint256",
				"name": "timestamp",
				"type": "uint256"
			}
		],
		"name": "Finalize",
		"type": "event"
	},
	{
		"anonymous": false,
		"inputs": [
			{
				"indexed": true,
				"internalType": "address",
				"name": "token",
				"type": "address"
			},
			{
				"indexed": false,
				"internalType": "uint256",
				"name": "timestamp",
				"type": "uint256"
			}
		],
		"name": "ReadyToList",
		"type": "event"
	},
	{
		"anonymous": false,
		"inputs": [
			{
				"indexed": true,
				"internalType": "address",
				"name": "token",
				"type": "address"
			},
			{
				"indexed": true,
				"internalType": "address",
				"name": "user",
				"type": "address"
			},
			{
				"indexed": false,
				"internalType": "uint256",
				"name": "baseReserve",
				"type": "uint256"
			},
			{
				"indexed": false,
				"internalType": "uint256",
				"name": "quoteReserve",
				"type": "uint256"
			},
			{
				"indexed": false,
				"internalType": "uint256",
				"name": "timestamp",
				"type": "uint256"
			}
		],
		"name": "TokenCreated",
		"type": "event"
	},
	{
		"anonymous": false,
		"inputs": [
			{
				"indexed": true,
				"internalType": "address",
				"name": "token",
				"type": "address"
			},
			{
				"indexed": true,
				"internalType": "address",
				"name": "user",
				"type": "address"
			},
			{
				"indexed": false,
				"internalType": "uint256",
				"name": "amountIn",
				"type": "uint256"
			},
			{
				"indexed": false,
				"internalType": "uint256",
				"name": "amountOut",
				"type": "uint256"
			},
			{
				"indexed": false,
				"internalType": "bool",
				"name": "isBuy",
				"type": "bool"
			},
			{
				"indexed": false,
				"internalType": "uint256",
				"name": "baseReserve",
				"type": "uint256"
			},
			{
				"indexed": false,
				"internalType": "uint256",
				"name": "quoteReserve",
				"type": "uint256"
			},
			{
				"indexed": false,
				"internalType": "uint256",
				"name": "timestamp",
				"type": "uint256"
			}
		],
		"name": "Trade",
		"type": "event"
	},
	{
		"inputs": [
			{
				"internalType": "address",
				"name": "token",
				"type": "address"
			}
		],
		"name": "addLiquidity",
		"outputs": [],
		"stateMutability": "nonpayable",
		"type": "function"
	},
	{
		"inputs": [
			{
				"internalType": "address",
				"name": "token",
				"type": "address"
			},
			{
				"internalType": "address",
				"name": "referrer",
				"type": "address"
			},
			{
				"internalType": "uint256",
				"name": "amountIn",
				"type": "uint256"
			},
			{
				"internalType": "uint256",
				"name": "minAmountOut",
				"type": "uint256"
			},
			{
				"internalType": "bytes32[]",
				"name": "proof",
				"type": "bytes32[]"
			}
		],
		"name": "buy",
		"outputs": [],
		"stateMutability": "payable",
		"type": "function"
	},
	{
		"inputs": [
			{
				"components": [
					{
						"internalType": "string",
						"name": "name",
						"type": "string"
					},
					{
						"internalType": "string",
						"name": "symbol",
						"type": "string"
					},
					{
						"internalType": "string",
						"name": "poolDetails",
						"type": "string"
					},
					{
						"internalType": "uint256",
						"name": "configIndex",
						"type": "uint256"
					},
					{
						"internalType": "address",
						"name": "router",
						"type": "address"
					},
					{
						"internalType": "uint256",
						"name": "startTime",
						"type": "uint256"
					},
					{
						"internalType": "uint256",
						"name": "buyFeeRate",
						"type": "uint256"
					},
					{
						"internalType": "uint256",
						"name": "sellFeeRate",
						"type": "uint256"
					},
					{
						"internalType": "uint256",
						"name": "maxBuyAmount",
						"type": "uint256"
					},
					{
						"internalType": "uint256",
						"name": "delayBuyTime",
						"type": "uint256"
					},
					{
						"internalType": "bytes32",
						"name": "merkleRoot",
						"type": "bytes32"
					},
					{
						"internalType": "uint256",
						"name": "initialBuyAmount",
						"type": "uint256"
					}
				],
				"internalType": "struct DegenFacet.CreatePoolParams",
				"name": "params",
				"type": "tuple"
			}
		],
		"name": "createPool",
		"outputs": [],
		"stateMutability": "payable",
		"type": "function"
	},
	{
		"inputs": [
			{
				"internalType": "address",
				"name": "token",
				"type": "address"
			},
			{
				"internalType": "uint256",
				"name": "amountIn",
				"type": "uint256"
			},
			{
				"internalType": "bool",
				"name": "isBuy",
				"type": "bool"
			}
		],
		"name": "getAmountOut",
		"outputs": [
			{
				"internalType": "uint256",
				"name": "amountOut",
				"type": "uint256"
			},
			{
				"internalType": "uint256",
				"name": "amountOutLessFee",
				"type": "uint256"
			},
			{
				"internalType": "uint256",
				"name": "totalFee",
				"type": "uint256"
			},
			{
				"internalType": "uint256",
				"name": "platformFee",
				"type": "uint256"
			},
			{
				"internalType": "uint256",
				"name": "tradeFee",
				"type": "uint256"
			}
		],
		"stateMutability": "view",
		"type": "function"
	},
	{
		"inputs": [
			{
				"internalType": "address",
				"name": "token",
				"type": "address"
			},
			{
				"internalType": "address",
				"name": "referrer",
				"type": "address"
			},
			{
				"internalType": "uint256",
				"name": "amountIn",
				"type": "uint256"
			},
			{
				"internalType": "uint256",
				"name": "minAmountOut",
				"type": "uint256"
			}
		],
		"name": "sell",
		"outputs": [],
		"stateMutability": "nonpayable",
		"type": "function"
	}
]
